target_chembl_id,drugId,target_chembl_id_moa_aggr,pchembl_value_aggr,max_pchembl_value,median_pchembl_value,drugType,maximumClinicalTrialPhase,isApproved,assay_chembl_id,assay_type,target_organism,target_pref_name,data_validity_comment,data_validity_description,confidence_score,confidence_description,assay_category,target_type,accession,proteinClass,isActive_max,isActive_med,action_type_moa,isInMoA,targetId,isHighQualityProbe,isTherapeuticTarget,isGE,isGE_clinical,isProbe,linkedTargets_count,linkedDiseases_count,action_type_action_type,action_type_description,action_type_parent_type,sources_concated,linkedTargets_rows_concated,linkedDiseases_rows_concated
CHEMBL205,CHEMBL310671,"","5.22, 5.22, 5.22",5.22,5.22,Small molecule,3.0,false,CHEMBL3767548,B,Homo sapiens,Carbonic anhydrase II,,,9,Direct single protein target assigned,,SINGLE PROTEIN,P00918,Enzyme,TRUE,TRUE,,,ENSG00000104267,false,true,true,true,false,,1,,,,"impc, chembl","",EFO_0000474
CHEMBL1293235,CHEMBL277522,"",6.05,6.05,6.05,Small molecule,4.0,true,CHEMBL1614544,F,Homo sapiens,Prelamin-A/C,,,9,Direct single protein target assigned,confirmatory,SINGLE PROTEIN,P02545,None,TRUE,TRUE,,,ENSG00000160789,false,false,true,true,false,,1,,,,impc,"",EFO_0005755
CHEMBL6101,CHEMBL165790,"",6.38,6.38,6.38,Small molecule,-1.0,false,CHEMBL1614373,F,Homo sapiens,Signal transducer and activator of transcription 1-alpha/beta,,,9,Direct single protein target assigned,confirmatory,SINGLE PROTEIN,P42224,TF,TRUE,TRUE,,,ENSG00000115415,false,false,true,true,false,,1,,,,"impc, ot_genetics_portal","",EFO_0004260
CHEMBL4261,CHEMBL1563,"",5.60,5.60,5.6,Small molecule,4.0,true,CHEMBL1614456,F,Homo sapiens,Hypoxia-inducible factor 1 alpha,,,9,Direct single protein target assigned,confirmatory,SINGLE PROTEIN,Q16665,TF,TRUE,TRUE,,,ENSG00000100644,false,false,true,true,false,1,23,,,,cancer_gene_census,ENSG00000131747,"EFO_1001052, EFO_0000574, EFO_0000220, EFO_0000565, EFO_0000223, EFO_0003028, EFO_0003811, EFO_0000209, EFO_0004251, EFO_0000218, EFO_0000198, MONDO_0000870, EFO_0000224, EFO_0003025, EFO_0000221, EFO_0003029, EFO_0000691, EFO_0003027, EFO_0003802, EFO_0000222, EFO_1001779, EFO_0000094, MONDO_0044917"
CHEMBL4081,CHEMBL99,"","7.70, 7.52",7.70,7.52,Small molecule,1.0,false,CHEMBL1004859,B,Homo sapiens,Coagulation factor III,,,9,Direct single protein target assigned,,SINGLE PROTEIN,P13726,None,TRUE,TRUE,,,ENSG00000117525,false,true,true,true,false,,1,,,,"impc, chembl","",MONDO_0004992
CHEMBL2608,CHEMBL1200339,"",6.55,6.55,6.55,Small molecule,4.0,true,CHEMBL1614103,F,Homo sapiens,Lysosomal alpha-glucosidase,,,9,Direct single protein target assigned,confirmatory,SINGLE PROTEIN,P10253,Enzyme,TRUE,TRUE,,,ENSG00000171298,false,true,true,true,false,3,18,,,,"uniprot_literature, impc, eva, orphanet, gene2phenotype, clingen, chembl, uniprot_variants","ENSG00000120907, ENSG00000171873, ENSG00000170214","EFO_0004269, HP_0000989, EFO_0004610, EFO_0006834, HP_0001742, EFO_0007486, EFO_0007533, EFO_0008521, EFO_0000319, EFO_0007214, EFO_0000178, EFO_0003956, EFO_0000544, EFO_0005251, MONDO_0024355, EFO_0009552, MONDO_0005129, MONDO_0005271"
CHEMBL3192,CHEMBL3621988,"",6.08,6.08,6.08,Small molecule,3.0,false,CHEMBL4387979,B,Homo sapiens,Histone deacetylase 8,,,9,Direct single protein target assigned,,SINGLE PROTEIN,Q9BY41,Epigenetic,TRUE,TRUE,,,ENSG00000147099,false,true,true,true,false,,32,,,,"impc, chembl","","MONDO_0019472, EFO_0000096, EFO_0000764, EFO_0005952, EFO_0000403, EFO_0000211, MONDO_0000873, EFO_0000220, EFO_1001951, EFO_0002913, EFO_0000222, EFO_0003060, EFO_0001416, EFO_0000616, MONDO_0002120, EFO_0005922, EFO_0000765, HP_0001873, EFO_0005537, EFO_0003869, EFO_0000180, EFO_0001378, EFO_0000231, EFO_0000209, EFO_0000574, EFO_0000255, EFO_0000621, MONDO_0007254, EFO_0000183, MONDO_0000430, EFO_0000691, MONDO_0001187"
CHEMBL228,CHEMBL3233142,"",7.21,7.21,7.21,Small molecule,4.0,true,CHEMBL3243819,B,Homo sapiens,Serotonin transporter,,,9,Direct single protein target assigned,,SINGLE PROTEIN,P31645,Transporter,TRUE,TRUE,,,ENSG00000108576,false,true,true,true,false,,2,,,,"impc, chembl","","MONDO_0005090, HP_0012076"
CHEMBL217,CHEMBL392158,"",10.01,10.01,10.01,Small molecule,2.0,false,CHEMBL3265956,B,Homo sapiens,Dopamine D2 receptor,,,9,Direct single protein target assigned,,SINGLE PROTEIN,P14416,GPCR,TRUE,TRUE,,,ENSG00000149295,false,true,true,true,false,,2,,,,"impc, chembl","","EFO_0001074, EFO_0001073"
CHEMBL1744525,CHEMBL17289,"",8.70,8.70,8.7,Small molecule,1.0,false,CHEMBL3130658,B,Homo sapiens,Nicotinamide phosphoribosyltransferase,,,9,Direct single protein target assigned,,SINGLE PROTEIN,P43490,Enzyme,TRUE,TRUE,,,ENSG00000105835,false,true,true,true,true,,1,,,,"impc, chemicalProbes, chembl","",EFO_0000616
CHEMBL245,CHEMBL551466,"",9.25,9.25,9.25,Small molecule,4.0,true,CHEMBL4390203,B,Homo sapiens,Muscarinic acetylcholine receptor M3,,,9,Direct single protein target assigned,,SINGLE PROTEIN,P20309,GPCR,TRUE,TRUE,,,ENSG00000133019,false,true,true,true,false,1,6,,,,"ot_genetics_portal, chembl",ENSG00000133019,"EFO_0000341, EFO_0000464, EFO_0006505, MONDO_0004979, HP_0006536, EFO_0003768"
CHEMBL1293235,CHEMBL1256818,"",7.15,7.15,7.15,Small molecule,4.0,true,CHEMBL1614544,F,Homo sapiens,Prelamin-A/C,,,9,Direct single protein target assigned,confirmatory,SINGLE PROTEIN,P02545,None,TRUE,TRUE,,,ENSG00000160789,false,false,true,true,false,2,15,,,,"impc, ot_genetics_portal, cancer_gene_census","ENSG00000183454, ENSG00000147955","HP_0001742, HP_0002315, EFO_0007486, MONDO_0005271, MONDO_0004976, HP_0001945, MONDO_0002009, EFO_0003843, EFO_0000616, HP_0012735, MONDO_0002050, EFO_0007214, MONDO_0005277, MONDO_0005148, EFO_0001663"
CHEMBL4261,CHEMBL19224,"",5.00,5.00,5.0,Small molecule,4.0,true,CHEMBL1614456,F,Homo sapiens,Hypoxia-inducible factor 1 alpha,,,9,Direct single protein target assigned,confirmatory,SINGLE PROTEIN,Q16665,TF,TRUE,TRUE,,,ENSG00000100644,false,false,true,true,false,,7,,,,cancer_gene_census,"","MONDO_0008315, EFO_0003060, EFO_0010282, EFO_0004234, EFO_0003060, EFO_1001463, EFO_0000284"
CHEMBL3869,CHEMBL75094,"",9.52,9.52,9.52,Small molecule,3.0,false,CHEMBL827103,B,Homo sapiens,Matrix metalloproteinase 14,,,9,Direct single protein target assigned,,SINGLE PROTEIN,P50281,Enzyme,TRUE,TRUE,,,ENSG00000157227,false,true,true,true,false,,3,,,,"ot_genetics_portal, chembl","","MONDO_0008315, MONDO_0008903, EFO_1000158"
CHEMBL4261,CHEMBL95431,"",5.50,5.50,5.5,Small molecule,3.0,false,CHEMBL1614456,F,Homo sapiens,Hypoxia-inducible factor 1 alpha,,,9,Direct single protein target assigned,confirmatory,SINGLE PROTEIN,Q16665,TF,TRUE,TRUE,,,ENSG00000100644,false,false,true,true,false,,8,,,,"eva, cancer_gene_census","","EFO_0000681, MONDO_0002367, EFO_0003060, MONDO_0002158, EFO_0000616, MONDO_0008170, MONDO_0002087, EFO_1001465"
CHEMBL2487,CHEMBL165,"",5.96,5.96,5.96,Small molecule,3.0,false,CHEMBL2404849,B,Homo sapiens,Beta amyloid A4 protein,,,9,Direct single protein target assigned,,SINGLE PROTEIN,P05067,None,TRUE,TRUE,,,ENSG00000142192,false,true,true,true,false,,37,,,,"uniprot_literature, impc, eva, orphanet, ot_genetics_portal, chembl, uniprot_variants","","MONDO_0021063, EFO_0000407, EFO_0002614, MONDO_0100096, EFO_0000401, EFO_0000660, MONDO_0002691, EFO_0003956, MONDO_0005178, EFO_0000616, EFO_0000365, EFO_0003884, HP_0001258, MONDO_0005148, MONDO_0005090, EFO_0000195, MONDO_0007739, MONDO_0005147, EFO_0000537, EFO_0011023, GO_0007568, EFO_0001365, MONDO_0004975, MONDO_0018906, MP_0001845, MONDO_0005180, EFO_1000657, EFO_0000545, EFO_0000341, EFO_0000319, EFO_0000694, HP_0003124, EFO_0001072, EFO_0004265, MONDO_0011705, EFO_0003095, MONDO_0100339"
CHEMBL3912,CHEMBL165,"",5.39,5.39,5.39,Small molecule,3.0,false,CHEMBL1227626,B,Homo sapiens,Carbonic anhydrase XIII,,,9,Direct single protein target assigned,,SINGLE PROTEIN,Q8N1Q1,Enzyme,TRUE,TRUE,,,ENSG00000185015,false,false,true,true,false,,37,,,,impc,"","MONDO_0021063, EFO_0000407, EFO_0002614, MONDO_0100096, EFO_0000401, EFO_0000660, MONDO_0002691, EFO_0003956, MONDO_0005178, EFO_0000616, EFO_0000365, EFO_0003884, HP_0001258, MONDO_0005148, MONDO_0005090, EFO_0000195, MONDO_0007739, MONDO_0005147, EFO_0000537, EFO_0011023, GO_0007568, EFO_0001365, MONDO_0004975, MONDO_0018906, MP_0001845, MONDO_0005180, EFO_1000657, EFO_0000545, EFO_0000341, EFO_0000319, EFO_0000694, HP_0003124, EFO_0001072, EFO_0004265, MONDO_0011705, EFO_0003095, MONDO_0100339"
CHEMBL3880,CHEMBL200102,"","8.12, 7.22",8.12,7.22,Small molecule,1.0,false,CHEMBL3885742,B,Homo sapiens,Heat shock protein HSP 90-alpha,,,9,Direct single protein target assigned,,SINGLE PROTEIN,P07900,None,TRUE,TRUE,,,ENSG00000080824,false,true,true,true,false,,2,,,,"intogen, chembl, cancer_gene_census","","EFO_0000574, MONDO_0007254"
CHEMBL206,CHEMBL3623004,"",9.50,9.50,9.5,Small molecule,1.0,false,CHEMBL4308797,B,Homo sapiens,Estrogen receptor alpha,,,9,Direct single protein target assigned,,SINGLE PROTEIN,P03372,NR,TRUE,TRUE,,,ENSG00000091831,true,true,true,true,true,,1,,,,"impc, intogen, ot_genetics_portal, chemicalProbes, chembl, eva_somatic, cancer_gene_census","",MONDO_0007254
CHEMBL1293277,CHEMBL44,"",5.24,5.24,5.24,Small molecule,2.0,false,CHEMBL1614342,F,Homo sapiens,Niemann-Pick C1 protein,,,9,Direct single protein target assigned,confirmatory,SINGLE PROTEIN,O15118,None,TRUE,TRUE,,,ENSG00000141458,false,false,true,true,false,,17,,,,ot_genetics_portal,"","EFO_0000673, EFO_0001645, EFO_0000195, EFO_0003060, MONDO_0001187, EFO_1001951, MONDO_0007254, EFO_0009448, MONDO_0009061, EFO_0003882, MONDO_0004986, EFO_0000694, MONDO_0008315, EFO_1000657, MONDO_0021063, MONDO_0004992, EFO_0002618"
CHEMBL6009,CHEMBL1835919,"","7.72, 8.10",8.10,7.72,Small molecule,1.0,false,CHEMBL2415510,B,Homo sapiens,Diacylglycerol O-acyltransferase 1,,,9,Direct single protein target assigned,,SINGLE PROTEIN,O75907,Enzyme,TRUE,TRUE,,,ENSG00000185000,false,true,true,true,false,,2,,,,"ot_genetics_portal, chembl","","MONDO_0005148, EFO_0001073"
CHEMBL2439,CHEMBL276832,"",6.05,6.05,6.05,Small molecule,4.0,true,CHEMBL3877133,B,Homo sapiens,Myeloperoxidase,,,9,Direct single protein target assigned,,SINGLE PROTEIN,P05164,Enzyme,TRUE,TRUE,,,ENSG00000005381,false,false,true,true,false,,21,,,,ot_genetics_portal,"","EFO_0000373, EFO_0005669, EFO_0001365, EFO_0008620, EFO_1000657, EFO_0000537, MONDO_0008170, EFO_0001645, EFO_0000616, HP_0003124, MONDO_0002974, EFO_0003914, MONDO_0008903, EFO_0000712, MONDO_0007254, MONDO_0005148, EFO_0000668, EFO_0000373, EFO_0000537, MONDO_0004975, EFO_0003777"
CHEMBL2111367,CHEMBL4084907,"",7.77,7.77,7.77,Small molecule,2.0,false,CHEMBL4019300,B,Homo sapiens,PI3-kinase p110-alpha/p85-alpha,,,7,Direct protein complex subunits assigned,,PROTEIN COMPLEX,P27986,Kinase,TRUE,TRUE,,,ENSG00000145675,false,true,true,true,false,,5,,,,"impc, eva, intogen, ot_genetics_portal, chembl, eva_somatic, cancer_gene_census","","EFO_0005952, EFO_0000574, EFO_0000519, EFO_0000616, MONDO_0007254"
CHEMBL221,CHEMBL413965,"",6.05,6.05,6.05,Small molecule,4.0,true,CHEMBL1909130,B,Homo sapiens,Cyclooxygenase-1,,,9,Direct single protein target assigned,,SINGLE PROTEIN,P23219,Enzyme,TRUE,TRUE,,,ENSG00000095303,false,true,true,true,false,,6,,,,"impc, chembl","","EFO_0003843, MONDO_0004992, HP_0001919, HP_0002829, HP_0001907, HP_0003326"
CHEMBL5463,CHEMBL460499,"",6.72,6.72,6.72,Small molecule,-1.0,false,CHEMBL4013057,B,Homo sapiens,Acid ceramidase,,,9,Direct single protein target assigned,,SINGLE PROTEIN,Q13510,Enzyme,TRUE,TRUE,,,ENSG00000104763,false,false,true,true,false,,1,,,,impc,"",EFO_0000616
CHEMBL1293224,CHEMBL1557,"",6.45,6.45,6.45,Small molecule,4.0,true,CHEMBL1614421,B,Homo sapiens,Microtubule-associated protein tau,,,9,Direct single protein target assigned,confirmatory,SINGLE PROTEIN,P10636,None,TRUE,TRUE,,,ENSG00000186868,false,false,true,true,false,1,4,,,,"eva, ot_genetics_portal",ENSG00000043591,"MONDO_0005180, EFO_0000612, EFO_0000373, EFO_1002048"
CHEMBL216,CHEMBL3545181,"","10.89, 10.00",10.89,10.0,Small molecule,4.0,true,CHEMBL1913681,B,Homo sapiens,Muscarinic acetylcholine receptor M1,,,9,Direct single protein target assigned,,SINGLE PROTEIN,P11229,GPCR,TRUE,TRUE,,,ENSG00000168539,false,true,true,true,false,1,10,,,,"impc, chembl",ENSG00000133019,"EFO_1001919, HP_0006536, HP_0000083, HP_0025428, MONDO_0009061, EFO_0000616, EFO_0000341, MONDO_0004979, EFO_0006505, EFO_0000464"
CHEMBL5658,CHEMBL297453,"",5.75,5.75,5.75,Small molecule,3.0,false,CHEMBL4152535,B,Homo sapiens,Prostaglandin E synthase,,,9,Direct single protein target assigned,,SINGLE PROTEIN,O14684,Enzyme,TRUE,TRUE,,,ENSG00000148344,false,false,true,true,false,,39,,,,ot_genetics_portal,"","EFO_0003929, EFO_0001422, MONDO_0005180, EFO_0000763, MONDO_0007915, EFO_0000731, EFO_0000673, EFO_0000280, EFO_0004252, EFO_0001378, MONDO_0008903, MONDO_0021063, EFO_0003882, Orphanet_303, EFO_1001050, EFO_0000768, MONDO_0005148, MONDO_0043510, MONDO_0007739, MONDO_0010383, EFO_0007147, MONDO_0018906, EFO_0003060, MP_0001845, MONDO_0007254, EFO_0008517, MONDO_0004975, EFO_0000565, MONDO_0019438, EFO_0000764, MONDO_0008315, EFO_0000432, MONDO_0010679, EFO_0000284, EFO_0000616, EFO_0001065, EFO_0001064, MONDO_0005301, MONDO_0001187"
CHEMBL289,CHEMBL15023,"",6.30,6.30,6.3,Small molecule,4.0,true,CHEMBL1614110,A,Homo sapiens,Cytochrome P450 2D6,,,9,Direct single protein target assigned,confirmatory,SINGLE PROTEIN,P10635,Enzyme,TRUE,TRUE,,,ENSG00000100197,false,false,true,true,false,,1,,,,ot_genetics_portal,"",EFO_0005407
CHEMBL205,CHEMBL14060,"","5.26, 5.26",5.26,5.26,Small molecule,4.0,true,CHEMBL1670882,B,Homo sapiens,Carbonic anhydrase II,,,9,Direct single protein target assigned,,SINGLE PROTEIN,P00918,Enzyme,TRUE,TRUE,,,ENSG00000104267,false,true,true,true,false,,8,,,,"impc, chembl","","EFO_0004255, HP_0003418, EFO_1001347, MONDO_0005271, HP_0002619, EFO_0005854, EFO_0001062, HP_0000989"
CHEMBL1293237,CHEMBL343633,"",8.55,8.55,8.55,Small molecule,-1.0,false,CHEMBL1614067,F,Homo sapiens,Bloom syndrome protein,,,9,Direct single protein target assigned,confirmatory,SINGLE PROTEIN,P54132,None,TRUE,TRUE,,,ENSG00000197299,false,false,true,true,false,,1,,,,cancer_gene_census,"",EFO_0000319
CHEMBL3577,CHEMBL19224,"",5.45,5.45,5.45,Small molecule,4.0,true,CHEMBL1614458,F,Homo sapiens,Aldehyde dehydrogenase 1A1,,,9,Direct single protein target assigned,confirmatory,SINGLE PROTEIN,P00352,Enzyme,TRUE,TRUE,,,ENSG00000165092,false,false,true,true,false,,7,,,,ot_genetics_portal,"","MONDO_0008315, EFO_0003060, EFO_0010282, EFO_0004234, EFO_0003060, EFO_1001463, EFO_0000284"
CHEMBL2716,CHEMBL1213492,"","6.62, 6.62",6.62,6.62,Small molecule,3.0,false,CHEMBL3598918,B,Homo sapiens,Histone deacetylase 7,,,9,Direct single protein target assigned,,SINGLE PROTEIN,Q8WUI4,Epigenetic,TRUE,TRUE,,,ENSG00000061273,false,true,true,true,false,,10,,,,"ot_genetics_portal, chembl","","EFO_0000183, EFO_0002429, EFO_0000384, MONDO_0010311, MONDO_0010679, MONDO_0016899, EFO_0001378, EFO_0004251, EFO_0000095, EFO_0002609"
CHEMBL1293278,CHEMBL222863,"",6.95,6.95,6.95,Small molecule,4.0,true,CHEMBL1613941,F,Homo sapiens,Geminin,,,9,Direct single protein target assigned,confirmatory,SINGLE PROTEIN,O75496,None,TRUE,TRUE,,,ENSG00000112312,false,false,true,true,false,,1,,,,impc,"",EFO_0000319
CHEMBL217,CHEMBL157138,"",9.30,9.30,9.3,Small molecule,4.0,true,CHEMBL672313,B,Homo sapiens,Dopamine D2 receptor,,,9,Direct single protein target assigned,,SINGLE PROTEIN,P14416,GPCR,TRUE,TRUE,,,ENSG00000149295,false,true,true,true,false,,4,,,,"impc, chembl","","MONDO_0005180, MONDO_0005277, EFO_0002610, EFO_0004270"
CHEMBL4081,CHEMBL116438,"",6.70,6.70,6.7,Small molecule,3.0,false,CHEMBL2319887,B,Homo sapiens,Coagulation factor III,,,9,Direct single protein target assigned,,SINGLE PROTEIN,P13726,None,TRUE,TRUE,,,ENSG00000117525,false,true,true,true,false,,47,,,,"impc, chembl","","EFO_1000826, EFO_0000649, EFO_1001818, EFO_0007430, EFO_1001951, MONDO_0004992, MONDO_0004975, MONDO_0005301, EFO_0002913, MONDO_0043771, EFO_0000095, EFO_0001378, EFO_0000729, MONDO_0004979, MONDO_0007915, EFO_0003884, MONDO_0008315, EFO_0004268, EFO_0000616, MONDO_0005147, Orphanet_733, HP_0100543, MONDO_0010788, HP_0000155, EFO_0002618, EFO_0003768, EFO_0001416, EFO_1001898, EFO_0003060, MONDO_0011962, EFO_1001904, EFO_0001365, MONDO_0004985, EFO_1001801, EFO_0000198, EFO_0000220, HP_0000093, EFO_1000910, EFO_0008517, MONDO_0007254, MONDO_0021063, MONDO_0044937, EFO_0004288, MONDO_0002974, MONDO_0005575, MONDO_0022394, EFO_0000384"
CHEMBL2608,CHEMBL573,"",5.45,5.45,5.45,Small molecule,4.0,true,CHEMBL1614103,F,Homo sapiens,Lysosomal alpha-glucosidase,,,9,Direct single protein target assigned,confirmatory,SINGLE PROTEIN,P10253,Enzyme,TRUE,TRUE,,,ENSG00000171298,false,true,true,true,false,,42,,,,"uniprot_literature, impc, eva, orphanet, gene2phenotype, clingen, chembl, uniprot_variants","","EFO_0000319, MONDO_0005148, HP_0031284, EFO_0005407, MONDO_0011382, EFO_0000764, EFO_0001358, EFO_0005672, EFO_0003768, EFO_1001207, HP_0002140, EFO_0003894, Orphanet_79211, EFO_0000195, EFO_0003914, EFO_0005952, MONDO_0018076, EFO_0000519, EFO_0003781, MONDO_0004992, EFO_0000612, EFO_0003884, HP_0003124, MONDO_0002009, MONDO_0021187, EFO_0000180, EFO_0000712, EFO_0004911, EFO_0004272, Orphanet_309005, EFO_1000860, EFO_1001157, EFO_1001375, EFO_0001645, HP_0001891, EFO_0001073, EFO_0004242, HP_0002027, EFO_0003876, EFO_0003144, EFO_0000266, EFO_0009783"
CHEMBL1293224,CHEMBL165,"",5.25,5.25,5.25,Small molecule,3.0,false,CHEMBL1614421,B,Homo sapiens,Microtubule-associated protein tau,,,9,Direct single protein target assigned,confirmatory,SINGLE PROTEIN,P10636,None,TRUE,TRUE,,,ENSG00000186868,false,true,true,true,false,,37,,,,"impc, eva, ot_genetics_portal, chembl","","MONDO_0021063, EFO_0000407, EFO_0002614, MONDO_0100096, EFO_0000401, EFO_0000660, MONDO_0002691, EFO_0003956, MONDO_0005178, EFO_0000616, EFO_0000365, EFO_0003884, HP_0001258, MONDO_0005148, MONDO_0005090, EFO_0000195, MONDO_0007739, MONDO_0005147, EFO_0000537, EFO_0011023, GO_0007568, EFO_0001365, MONDO_0004975, MONDO_0018906, MP_0001845, MONDO_0005180, EFO_1000657, EFO_0000545, EFO_0000341, EFO_0000319, EFO_0000694, HP_0003124, EFO_0001072, EFO_0004265, MONDO_0011705, EFO_0003095, MONDO_0100339"
CHEMBL4860,CHEMBL297453,"",6.47,6.47,6.47,Small molecule,3.0,false,CHEMBL3056015,B,Homo sapiens,Apoptosis regulator Bcl-2,,,9,Direct single protein target assigned,,SINGLE PROTEIN,P10415,None,TRUE,TRUE,,,ENSG00000171791,false,true,true,true,false,,39,,,,"impc, intogen, ot_genetics_portal, chembl, cancer_gene_census","","EFO_0003929, EFO_0001422, MONDO_0005180, EFO_0000763, MONDO_0007915, EFO_0000731, EFO_0000673, EFO_0000280, EFO_0004252, EFO_0001378, MONDO_0008903, MONDO_0021063, EFO_0003882, Orphanet_303, EFO_1001050, EFO_0000768, MONDO_0005148, MONDO_0043510, MONDO_0007739, MONDO_0010383, EFO_0007147, MONDO_0018906, EFO_0003060, MP_0001845, MONDO_0007254, EFO_0008517, MONDO_0004975, EFO_0000565, MONDO_0019438, EFO_0000764, MONDO_0008315, EFO_0000432, MONDO_0010679, EFO_0000284, EFO_0000616, EFO_0001065, EFO_0001064, MONDO_0005301, MONDO_0001187"
CHEMBL1293235,CHEMBL31422,"",5.10,5.10,5.1,Small molecule,3.0,false,CHEMBL1614544,F,Homo sapiens,Prelamin-A/C,,,9,Direct single protein target assigned,confirmatory,SINGLE PROTEIN,P02545,None,TRUE,TRUE,,,ENSG00000160789,false,false,true,true,false,,3,,,,cancer_gene_census,"","MONDO_0005575, HP_0001891, EFO_0004272"
CHEMBL4261,CHEMBL359744,"",5.30,5.30,5.3,Small molecule,4.0,true,CHEMBL1614456,F,Homo sapiens,Hypoxia-inducible factor 1 alpha,,,9,Direct single protein target assigned,confirmatory,SINGLE PROTEIN,Q16665,TF,TRUE,TRUE,,,ENSG00000100644,false,false,true,true,false,1,101,,,,"eva, cancer_gene_census",ENSG00000131747,"EFO_0003869, EFO_1000796, EFO_0000564, EFO_0003893, MONDO_0002974, EFO_1001042, MONDO_0011934, MONDO_0003175, EFO_1001951, EFO_0003060, EFO_0005561, EFO_1000292, EFO_0000223, MONDO_0006058, EFO_0001376, EFO_0000403, MONDO_0021054, EFO_0006861, MONDO_0007254, MONDO_0004986, EFO_0007143, EFO_0000437, EFO_0000198, EFO_0003144, MONDO_0018364, MONDO_0005094, EFO_1000984, EFO_0000095, MONDO_0002087, EFO_0000239, EFO_0000309, EFO_0000702, EFO_0000183, MONDO_0002367, EFO_0000094, MONDO_0017387, MONDO_0008315, EFO_0000691, MONDO_0000870, EFO_0000588, EFO_0000621, EFO_0000220, EFO_0000565, EFO_0000211, EFO_1001365, MONDO_0008903, EFO_0003032, EFO_0000760, EFO_1000131, EFO_0000174, EFO_0000637, EFO_0000569, EFO_0007160, MONDO_0001056, MONDO_0004992, EFO_0006475, EFO_0000305, MONDO_0000873, MONDO_0008170, EFO_0000502, MONDO_0002158, EFO_0003968, EFO_0000222, MONDO_0004192, EFO_1000158, MONDO_0004986, EFO_0001378, EFO_0003859, EFO_1001469, MONDO_0001187, EFO_0005537, MONDO_0009348, EFO_0000096, EFO_0000574, MONDO_0002678, MONDO_0020077, EFO_0000248, EFO_0000182, EFO_0009708, EFO_0006859, MONDO_0008380, EFO_0005952, EFO_1001100, EFO_0000681, MONDO_0007576, MONDO_0015540, EFO_1000251, EFO_0001075, EFO_1001968, EFO_0000616, MONDO_0018906, EFO_0002918, MONDO_0011962, MONDO_0002691, EFO_0000209, EFO_1000595, EFO_0000558, EFO_0000313, EFO_0000765, MONDO_0004658, MONDO_0044917"
CHEMBL4261,CHEMBL23588,"",5.30,5.30,5.3,Small molecule,4.0,true,CHEMBL1613803,F,Homo sapiens,Hypoxia-inducible factor 1 alpha,,,9,Direct single protein target assigned,confirmatory,SINGLE PROTEIN,Q16665,TF,TRUE,TRUE,,,ENSG00000100644,false,false,true,true,false,,1,,,,ot_genetics_portal,"",EFO_0005755
CHEMBL2111363,CHEMBL99,"",7.80,7.80,7.8,Small molecule,1.0,false,CHEMBL4422741,B,Homo sapiens,Histone deacetylase 3/Nuclear receptor corepressor 2 (HDAC3/NCoR2),,,7,Direct protein complex subunits assigned,,PROTEIN COMPLEX,O15379,Epigenetic,TRUE,TRUE,,,ENSG00000171720,false,true,true,true,false,,1,,,,"impc, chembl","",MONDO_0004992
CHEMBL242,CHEMBL44,"","8.89, 7.01, 7.75, 7.01",8.89,7.01,Small molecule,2.0,false,CHEMBL868723,B,Homo sapiens,Estrogen receptor beta,,,9,Direct single protein target assigned,,SINGLE PROTEIN,Q92731,NR,TRUE,TRUE,,,ENSG00000140009,false,true,true,true,false,,17,,,,"impc, orphanet, ot_genetics_portal, chembl","","EFO_0000673, EFO_0001645, EFO_0000195, EFO_0003060, MONDO_0001187, EFO_1001951, MONDO_0007254, EFO_0009448, MONDO_0009061, EFO_0003882, MONDO_0004986, EFO_0000694, MONDO_0008315, EFO_1000657, MONDO_0021063, MONDO_0004992, EFO_0002618"
CHEMBL4860,CHEMBL51483,"",6.25,6.25,6.25,Small molecule,3.0,false,CHEMBL2437893,B,Homo sapiens,Apoptosis regulator Bcl-2,,,9,Direct single protein target assigned,,SINGLE PROTEIN,P10415,None,TRUE,TRUE,,,ENSG00000171791,false,true,true,true,false,,1,,,,"chembl, cancer_gene_census","",EFO_0003060
CHEMBL1293237,CHEMBL930,"",8.55,8.55,8.55,Small molecule,4.0,true,CHEMBL1614522,F,Homo sapiens,Bloom syndrome protein,,,9,Direct single protein target assigned,confirmatory,SINGLE PROTEIN,P54132,None,TRUE,TRUE,,,ENSG00000197299,false,false,true,true,false,,37,,,,"uniprot_literature, impc, eva, orphanet, intogen, ot_genetics_portal, gene2phenotype, clingen, uniprot_variants, cancer_gene_census","","EFO_0008572, MONDO_0010679, MONDO_0009061, EFO_1001904, MONDO_0011382, EFO_1001892, MONDO_0007254, MONDO_0018241, EFO_0001378, EFO_0000616, MONDO_0005148, EFO_1001373, EFO_0001645, EFO_0000546, EFO_0003884, MONDO_0001673, EFO_0000555, MONDO_0011628, MONDO_0100096, EFO_0003100, EFO_0000384, EFO_0004142, EFO_0002517, EFO_0000400, HP_0000964, EFO_0003144, EFO_0000649, MONDO_0008315, MONDO_0004992, MONDO_0043544, EFO_0003917, EFO_0000574, EFO_1001898, EFO_1001996, EFO_0009130, EFO_0000495, HP_0100806"
CHEMBL1871,CHEMBL491,"",6.70,6.70,6.7,Small molecule,2.0,false,CHEMBL914604,B,Homo sapiens,Androgen Receptor,,,9,Direct single protein target assigned,,SINGLE PROTEIN,P10275,NR,TRUE,TRUE,,,ENSG00000169083,false,true,true,true,true,,1,,,,"impc, eva, intogen, ot_genetics_portal, chemicalProbes, chembl, eva_somatic, cancer_gene_census","",MONDO_0008315
CHEMBL206,CHEMBL592868,"",10.55,10.55,10.55,Small molecule,3.0,false,CHEMBL1074479,B,Homo sapiens,Estrogen receptor alpha,,,9,Direct single protein target assigned,,SINGLE PROTEIN,P03372,NR,TRUE,TRUE,,,ENSG00000091831,false,true,true,true,false,,5,,,,"impc, eva, intogen, ot_genetics_portal, chembl, eva_somatic, cancer_gene_census","","MONDO_0004975, EFO_0001072, HP_0002829, EFO_0003869, EFO_0003777"
CHEMBL218,CHEMBL267227,"",7.11,7.11,7.11,Small molecule,2.0,false,CHEMBL3587760,B,Homo sapiens,Cannabinoid CB1 receptor,,,9,Direct single protein target assigned,,SINGLE PROTEIN,P21554,GPCR,TRUE,TRUE,,,ENSG00000118432,false,true,true,true,false,,1,,,,"impc, chembl","",MONDO_0004992
CHEMBL1293237,CHEMBL98123,"",6.10,6.10,6.1,Small molecule,4.0,true,CHEMBL1614522,F,Homo sapiens,Bloom syndrome protein,,,9,Direct single protein target assigned,confirmatory,SINGLE PROTEIN,P54132,None,TRUE,TRUE,,,ENSG00000197299,false,false,true,true,false,,1,,,,cancer_gene_census,"",EFO_0003060
CHEMBL224,CHEMBL263881,"",8.51,8.51,8.51,Small molecule,2.0,false,CHEMBL956490,B,Homo sapiens,Serotonin 2a (5-HT2a) receptor,,,9,Direct single protein target assigned,,SINGLE PROTEIN,P28223,GPCR,TRUE,TRUE,,,ENSG00000102468,false,true,true,true,false,,4,,,,"impc, chembl","","MONDO_0007079, EFO_0003843, EFO_0005230, MONDO_0002009"
CHEMBL2231,CHEMBL50,"",5.92,5.92,5.92,Small molecule,3.0,false,CHEMBL1225717,A,Homo sapiens,Cytochrome P450 1A1,,,9,Direct single protein target assigned,,SINGLE PROTEIN,P04798,None,TRUE,TRUE,,,ENSG00000140465,false,false,true,true,false,,17,,,,ot_genetics_portal,"","EFO_1000654, MONDO_0100096, GO_0007568, EFO_0003884, MONDO_0005148, EFO_0000341, MONDO_0005178, EFO_0008517, EFO_0001645, MONDO_0009061, EFO_0003948, EFO_0001365, EFO_0004220, MONDO_0019391, EFO_0000673, EFO_0003868, MONDO_0018906"
CHEMBL245,CHEMBL3545181,"","10.60, 10.80",10.80,10.6,Small molecule,4.0,true,CHEMBL3095628,B,Homo sapiens,Muscarinic acetylcholine receptor M3,,,9,Direct single protein target assigned,,SINGLE PROTEIN,P20309,GPCR,TRUE,TRUE,,,ENSG00000133019,false,true,true,true,false,1,10,,,,"impc, ot_genetics_portal, chembl",ENSG00000133019,"EFO_1001919, HP_0006536, HP_0000083, HP_0025428, MONDO_0009061, EFO_0000616, EFO_0000341, MONDO_0004979, EFO_0006505, EFO_0000464"
CHEMBL1293235,CHEMBL1716,"",5.25,5.25,5.25,Small molecule,4.0,true,CHEMBL1614544,F,Homo sapiens,Prelamin-A/C,,,9,Direct single protein target assigned,confirmatory,SINGLE PROTEIN,P02545,None,TRUE,TRUE,,,ENSG00000160789,false,false,true,true,false,1,4,,,,"impc, ot_genetics_portal, cancer_gene_census",ENSG00000196639,"MONDO_0004992, EFO_0005531, EFO_0007141, EFO_0003956"
CHEMBL4096,CHEMBL276832,"",5.60,5.60,5.6,Small molecule,4.0,true,CHEMBL1613992,F,Homo sapiens,Cellular tumor antigen p53,,,9,Direct single protein target assigned,confirmatory,SINGLE PROTEIN,P04637,TF,TRUE,TRUE,,,ENSG00000141510,false,true,true,true,false,,21,,,,"uniprot_literature, impc, eva, orphanet, intogen, ot_genetics_portal, gene2phenotype, gene_burden, clingen, chembl, eva_somatic, cancer_gene_census","","EFO_0000373, EFO_0005669, EFO_0001365, EFO_0008620, EFO_1000657, EFO_0000537, MONDO_0008170, EFO_0001645, EFO_0000616, HP_0003124, MONDO_0002974, EFO_0003914, MONDO_0008903, EFO_0000712, MONDO_0007254, MONDO_0005148, EFO_0000668, EFO_0000373, EFO_0000537, MONDO_0004975, EFO_0003777"
CHEMBL3251,CHEMBL1082607,"",5.25,5.25,5.25,Small molecule,4.0,true,CHEMBL1614274,F,Homo sapiens,Nuclear factor NF-kappa-B p105 subunit,,,9,Direct single protein target assigned,confirmatory,SINGLE PROTEIN,P19838,TF,TRUE,TRUE,,,ENSG00000109320,false,false,true,true,false,1,7,,,,ot_genetics_portal,ENSG00000169252,"EFO_0001073, EFO_0006505, EFO_0000341, EFO_0007183, HP_0025428, MONDO_0004979, EFO_0000464"
CHEMBL4261,CHEMBL56367,"",5.00,5.00,5.0,Small molecule,4.0,true,CHEMBL1613803,F,Homo sapiens,Hypoxia-inducible factor 1 alpha,,,9,Direct single protein target assigned,confirmatory,SINGLE PROTEIN,Q16665,TF,TRUE,TRUE,,,ENSG00000100644,false,false,true,true,false,,5,,,,"ot_genetics_portal, cancer_gene_census","","EFO_0003843, HP_0002829, HP_0003326, EFO_0005755, MONDO_0007254"
CHEMBL4261,CHEMBL61,"",7.80,7.80,7.8,Small molecule,4.0,true,CHEMBL1613803,F,Homo sapiens,Hypoxia-inducible factor 1 alpha,,,9,Direct single protein target assigned,confirmatory,SINGLE PROTEIN,Q16665,TF,TRUE,TRUE,,,ENSG00000100644,false,false,true,true,false,,3,,,,cancer_gene_census,"","EFO_0000763, EFO_0007147, EFO_0000707"
CHEMBL1867,CHEMBL15245,"","8.07, 8.51",8.51,8.07,Small molecule,4.0,true,CHEMBL2393876,B,Homo sapiens,Alpha-2a adrenergic receptor,,,9,Direct single protein target assigned,,SINGLE PROTEIN,P08913,GPCR,TRUE,TRUE,,,ENSG00000150594,false,true,true,true,false,,13,,,,"impc, chembl","","EFO_0001358, EFO_1000645, EFO_0002610, MONDO_0005148, EFO_0010702, EFO_1001917, EFO_0005252, EFO_0007191, EFO_0004234, EFO_0003768, MONDO_0005180, MONDO_0002050, MONDO_0007079"
CHEMBL4261,CHEMBL121626,"",5.00,5.00,5.0,Small molecule,4.0,true,CHEMBL1613803,F,Homo sapiens,Hypoxia-inducible factor 1 alpha,,,9,Direct single protein target assigned,confirmatory,SINGLE PROTEIN,Q16665,TF,TRUE,TRUE,,,ENSG00000100644,false,false,true,true,false,,3,,,,"ot_genetics_portal, cancer_gene_census","","MONDO_0019037, EFO_0002618, EFO_0005755"
CHEMBL3524,CHEMBL1213492,"",5.98,5.98,5.98,Small molecule,3.0,false,CHEMBL1216985,B,Homo sapiens,Histone deacetylase 4,,,9,Direct single protein target assigned,,SINGLE PROTEIN,P56524,Epigenetic,TRUE,TRUE,,,ENSG00000068024,false,true,true,true,false,,10,,,,"chembl, eva_somatic","","EFO_0000183, EFO_0002429, EFO_0000384, MONDO_0010311, MONDO_0010679, MONDO_0016899, EFO_0001378, EFO_0004251, EFO_0000095, EFO_0002609"
CHEMBL4306,CHEMBL2107383,"",5.50,5.50,5.5,Small molecule,3.0,false,CHEMBL3879985,B,Homo sapiens,Voltage-gated potassium channel subunit Kv1.5,,,9,Direct single protein target assigned,,SINGLE PROTEIN,P22460,IC,TRUE,TRUE,,,ENSG00000130037,false,true,true,true,false,6,2,,,,"eva, orphanet, chembl","ENSG00000171385, ENSG00000130037, ENSG00000162989, ENSG00000120457, ENSG00000055118, ENSG00000183873","EFO_0000275, EFO_0003911"
CHEMBL5413,CHEMBL376756,"","10.41, 8.89",8.89,8.89,Protein,3.0,false,CHEMBL3088610,B,Homo sapiens,Metastin receptor,,,9,Direct single protein target assigned,,SINGLE PROTEIN,Q969F8,GPCR,TRUE,TRUE,,,ENSG00000116014,false,false,true,true,false,,4,,,,"impc, eva, orphanet","","EFO_0000545, MONDO_0018555, EFO_0002950, EFO_0000589"
CHEMBL3713687,CHEMBL389433,"",7.75,7.75,7.75,Small molecule,2.0,false,CHEMBL3789263,B,Homo sapiens,Cytochrome P450 26B1,,,9,Direct single protein target assigned,,SINGLE PROTEIN,Q9NR63,None,TRUE,TRUE,,,ENSG00000003137,false,false,true,true,false,,1,,,,impc,"",MONDO_0017778
CHEMBL3524,CHEMBL99,"","6.01, 7.70, 6.91",7.70,6.91,Small molecule,1.0,false,CHEMBL3802968,B,Homo sapiens,Histone deacetylase 4,,,9,Direct single protein target assigned,,SINGLE PROTEIN,P56524,Epigenetic,TRUE,TRUE,,,ENSG00000068024,false,true,true,true,false,,1,,,,"intogen, ot_genetics_portal, chembl, eva_somatic","",MONDO_0004992
CHEMBL3192,CHEMBL99,"","6.19, 6.51",6.51,6.19,Small molecule,1.0,false,CHEMBL4611581,B,Homo sapiens,Histone deacetylase 8,,,9,Direct single protein target assigned,,SINGLE PROTEIN,Q9BY41,Epigenetic,TRUE,TRUE,,,ENSG00000147099,false,true,true,true,false,,1,,,,"impc, chembl","",MONDO_0004992
CHEMBL2487,CHEMBL579205,"",9.13,9.13,9.13,Small molecule,4.0,true,CHEMBL1039059,B,Homo sapiens,Beta amyloid A4 protein,,,9,Direct single protein target assigned,,SINGLE PROTEIN,P05067,None,TRUE,TRUE,,,ENSG00000142192,false,true,true,true,false,,4,,,,"uniprot_literature, impc, eva, orphanet, ot_genetics_portal, chembl, uniprot_variants","","MONDO_0004975, MONDO_0004975, HP_0100543, EFO_0000318"
CHEMBL1293224,CHEMBL191083,"",5.66,5.66,5.66,Small molecule,4.0,true,CHEMBL3368556,B,Homo sapiens,Microtubule-associated protein tau,,,9,Direct single protein target assigned,,SINGLE PROTEIN,P10636,None,TRUE,TRUE,,,ENSG00000186868,false,true,true,true,false,,16,,,,"eva, chembl","","EFO_0001358, MONDO_0100096, EFO_0007444, EFO_0000694, EFO_0006834, HP_0000952, MONDO_0004975, EFO_0000546, EFO_1001216, HP_0100806, EFO_0001068, EFO_0007287, EFO_0003901, EFO_0003030, MONDO_0004985, EFO_0003103"
CHEMBL222,CHEMBL1722,"",6.10,6.10,6.1,Small molecule,4.0,true,CHEMBL828236,B,Homo sapiens,Norepinephrine transporter,,,9,Direct single protein target assigned,,SINGLE PROTEIN,P23975,Transporter,TRUE,TRUE,,,ENSG00000103546,false,true,true,true,false,2,11,,,,"impc, chembl","ENSG00000103546, ENSG00000142319","EFO_0004216, MONDO_0004992, MONDO_0005090, EFO_0008568, HP_0012378, EFO_0003840, MONDO_0011184, EFO_0003929, EFO_0003888, EFO_0003768, MONDO_0002050"
CHEMBL4096,CHEMBL295316,"",5.00,5.00,5.0,Small molecule,1.0,false,CHEMBL1613992,F,Homo sapiens,Cellular tumor antigen p53,,,9,Direct single protein target assigned,confirmatory,SINGLE PROTEIN,P04637,TF,TRUE,TRUE,,,ENSG00000141510,false,false,true,true,false,,1,,,,"impc, eva, intogen, ot_genetics_portal, eva_somatic, cancer_gene_census","",MONDO_0008315
CHEMBL1829,CHEMBL99,"","7.70, 7.85",7.85,7.7,Small molecule,1.0,false,CHEMBL3772319,B,Homo sapiens,Histone deacetylase 3,,,9,Direct single protein target assigned,,SINGLE PROTEIN,O15379,Epigenetic,TRUE,TRUE,,,ENSG00000171720,false,true,true,true,false,,1,,,,"impc, chembl","",MONDO_0004992
CHEMBL4793,CHEMBL67279,"",8.66,8.66,8.66,Small molecule,3.0,false,CHEMBL2346130,B,Homo sapiens,Dipeptidyl peptidase IX,,,9,Direct single protein target assigned,,SINGLE PROTEIN,Q86TI2,Enzyme,TRUE,TRUE,,,ENSG00000142002,false,false,true,true,false,,8,,,,ot_genetics_portal,"","EFO_0000756, EFO_0003060, MONDO_0002367, EFO_0000095, EFO_0002618, MONDO_0002898, EFO_0000616, MONDO_0008903"
CHEMBL1293235,CHEMBL413376,"",5.40,5.40,5.4,Small molecule,3.0,false,CHEMBL1614310,F,Homo sapiens,Prelamin-A/C,,,9,Direct single protein target assigned,confirmatory,SINGLE PROTEIN,P02545,None,TRUE,TRUE,,,ENSG00000160789,false,false,true,true,false,1,15,,,,"ot_genetics_portal, cancer_gene_census",ENSG00000113578,"MONDO_0008315, EFO_0000681, MONDO_0007254, DOID_10113, EFO_1000796, HP_0001919, EFO_0000673, MONDO_0001187, EFO_0005044, EFO_0007294, EFO_0003060, EFO_0003756, EFO_0001378, EFO_1000158, EFO_1001951"
CHEMBL240,CHEMBL3707392,"",5.24,5.24,5.24,Small molecule,3.0,false,CHEMBL3883131,B,Homo sapiens,HERG,,,9,Direct single protein target assigned,,SINGLE PROTEIN,Q12809,IC,TRUE,TRUE,,,ENSG00000055118,false,true,true,true,false,,4,,,,"impc, eva, clingen, chembl","","HP_0001657, EFO_0000538, EFO_0001645, HP_0004308"
CHEMBL4803,CHEMBL7890,"",5.82,5.82,5.82,Small molecule,2.0,false,CHEMBL678075,B,Homo sapiens,"Nitric-oxide synthase, endothelial",,,9,Direct single protein target assigned,,SINGLE PROTEIN,P29474,Enzyme,TRUE,TRUE,,,ENSG00000164867,false,true,true,true,false,,2,,,,"impc, eva, ot_genetics_portal, chembl","","EFO_0000319, MONDO_0004979"
CHEMBL1293237,CHEMBL600,"",6.00,6.00,6.0,Small molecule,4.0,true,CHEMBL1614067,F,Homo sapiens,Bloom syndrome protein,,,9,Direct single protein target assigned,confirmatory,SINGLE PROTEIN,P54132,None,TRUE,TRUE,,,ENSG00000197299,false,false,true,true,false,,113,,,,"impc, eva, intogen, cancer_gene_census","","EFO_0000555, EFO_0002610, EFO_0005204, EFO_1001459, MONDO_0044903, MONDO_0018975, EFO_0002687, EFO_0008560, EFO_1000905, EFO_0000768, HP_0012167, EFO_0007430, MONDO_0018896, MONDO_0009061, EFO_0001358, EFO_0004895, MONDO_0005180, EFO_0003768, EFO_0000389, GO_0007568, MONDO_0002492, EFO_0003917, Orphanet_77259, HP_0001871, EFO_0007456, MONDO_0019514, EFO_0004238, EFO_0003033, EFO_0007191, EFO_0000474, EFO_0003840, EFO_0000479, MONDO_0005301, MONDO_0002050, EFO_0008585, EFO_1000906, EFO_1001141, HP_0002140, EFO_0005687, EFO_0006505, MONDO_0005148, MONDO_0015339, EFO_0004269, EFO_0000404, EFO_0000545, MONDO_0043510, EFO_0003756, HP_0001873, MONDO_0044970, MONDO_0013730, MONDO_0000153, EFO_0000756, EFO_0004242, MONDO_0007254, EFO_0003867, EFO_0004610, EFO_0003843, EFO_0000538, EFO_1001902, MONDO_0002009, EFO_0000574, EFO_0004699, EFO_1001898, EFO_0003086, MONDO_0004737, EFO_0007160, EFO_0003884, EFO_0000275, EFO_0003966, MONDO_0100096, EFO_1000637, EFO_0000684, MONDO_0002491, MONDO_0018076, EFO_0004329, MONDO_0016033, MONDO_0018982, EFO_0000546, MONDO_0019200, EFO_0008583, EFO_0007486, EFO_0004701, EFO_0009963, EFO_0000660, EFO_0009448, MONDO_0005090, EFO_0002429, MONDO_0004985, EFO_0003758, MONDO_0007079, EFO_0004228, EFO_1001254, EFO_1001345, EFO_0000341, MONDO_0011382, MONDO_0007915, Orphanet_98974, MONDO_0016486, EFO_0005762, EFO_1000782, EFO_1002048, EFO_0000612, EFO_0003757, EFO_0000677, EFO_0001645, HP_0006554, MONDO_0024355, EFO_0007214, EFO_0004145, MONDO_0008867, EFO_0000712, HP_0100543, MONDO_0004975"
CHEMBL2035,CHEMBL3545181,"",10.58,10.58,10.58,Small molecule,4.0,true,CHEMBL1913687,B,Homo sapiens,Muscarinic acetylcholine receptor M5,,,9,Direct single protein target assigned,,SINGLE PROTEIN,P08912,GPCR,TRUE,TRUE,,,ENSG00000184984,false,true,true,true,false,1,10,,,,"impc, chembl",ENSG00000133019,"EFO_1001919, HP_0006536, HP_0000083, HP_0025428, MONDO_0009061, EFO_0000616, EFO_0000341, MONDO_0004979, EFO_0006505, EFO_0000464"
CHEMBL5023,CHEMBL3601398,"",8.89,8.89,8.89,Small molecule,1.0,false,CHEMBL3602307,B,Homo sapiens,p53-binding protein Mdm-2,,,9,Direct single protein target assigned,,SINGLE PROTEIN,Q00987,Enzyme,TRUE,TRUE,,,ENSG00000135679,false,true,true,true,true,,1,,,,"impc, intogen, chemicalProbes, chembl, cancer_gene_census","",EFO_0000616
CHEMBL1907601,CHEMBL3115681,"",8.41,8.41,8.41,Small molecule,1.0,false,CHEMBL3117361,B,Homo sapiens,Cyclin-dependent kinase 4/cyclin D1,,,7,Direct protein complex subunits assigned,,PROTEIN COMPLEX,P11802,Kinase,TRUE,TRUE,,,ENSG00000135446,false,true,true,true,false,,1,,,,"uniprot_literature, impc, eva, intogen, gene2phenotype, chembl, uniprot_variants, eva_somatic, cancer_gene_census","",EFO_0000616
CHEMBL2111413,CHEMBL273481,"",6.39,6.39,6.39,Small molecule,1.0,false,CHEMBL3370257,B,Homo sapiens,GABA A receptor alpha-2/beta-2/gamma-2,,,7,Direct protein complex subunits assigned,,PROTEIN COMPLEX,P47870,IC,TRUE,TRUE,,,ENSG00000145864,false,true,true,true,false,,2,,,,"eva, orphanet, chembl","","MONDO_0005180, EFO_0000474"
CHEMBL1908,CHEMBL934,"","7.82, 7.34, 7.82",7.82,7.82,Small molecule,4.0,true,CHEMBL1656352,B,Homo sapiens,Cytochrome P450 11B1,,,9,Direct single protein target assigned,,SINGLE PROTEIN,P15538,Enzyme,TRUE,TRUE,,,ENSG00000160882,false,true,true,true,false,,5,,,,"impc, chembl","","MONDO_0002050, EFO_0003768, EFO_0002610, EFO_0003099, MONDO_0002009"
CHEMBL3251,CHEMBL63323,"",5.65,5.65,5.65,Small molecule,-1.0,false,CHEMBL1614274,F,Homo sapiens,Nuclear factor NF-kappa-B p105 subunit,,,9,Direct single protein target assigned,confirmatory,SINGLE PROTEIN,P19838,TF,TRUE,TRUE,,,ENSG00000109320,false,false,true,true,false,,3,,,,"impc, ot_genetics_portal","","HP_0003326, HP_0002829, EFO_0005755"
CHEMBL1293256,CHEMBL19612,"","5.20, 5.20",5.20,5.2,Small molecule,3.0,false,CHEMBL1614086,F,Homo sapiens,Thrombopoietin,,,9,Direct single protein target assigned,confirmatory,SINGLE PROTEIN,P40225,None,TRUE,TRUE,,,ENSG00000090534,false,false,true,true,false,,1,,,,ot_genetics_portal,"",EFO_0000537
CHEMBL2392,CHEMBL313972,"",6.10,6.10,6.1,Small molecule,4.0,true,CHEMBL1614079,F,Homo sapiens,DNA polymerase beta,,,9,Direct single protein target assigned,confirmatory,SINGLE PROTEIN,P06746,Enzyme,TRUE,TRUE,,,ENSG00000070501,false,false,true,true,false,,2,,,,impc,"","EFO_0000616, MONDO_0008315"
CHEMBL4198,CHEMBL2158051,"",7.32,7.32,7.32,Small molecule,3.0,false,CHEMBL4416028,B,Homo sapiens,Inhibitor of apoptosis protein 3,,,9,Direct single protein target assigned,,SINGLE PROTEIN,P98170,Enzyme,TRUE,TRUE,,,ENSG00000101966,false,false,true,true,false,,7,,,,impc,"","EFO_0000181, MONDO_0004992, EFO_0000616, EFO_0000222, EFO_0003060, EFO_0006859, EFO_0000574"
CHEMBL1293224,CHEMBL116438,"",5.50,5.50,5.5,Small molecule,3.0,false,CHEMBL1614421,B,Homo sapiens,Microtubule-associated protein tau,,,9,Direct single protein target assigned,confirmatory,SINGLE PROTEIN,P10636,None,TRUE,TRUE,,,ENSG00000186868,false,true,true,true,false,,47,,,,"eva, ot_genetics_portal, chembl","","EFO_1000826, EFO_0000649, EFO_1001818, EFO_0007430, EFO_1001951, MONDO_0004992, MONDO_0004975, MONDO_0005301, EFO_0002913, MONDO_0043771, EFO_0000095, EFO_0001378, EFO_0000729, MONDO_0004979, MONDO_0007915, EFO_0003884, MONDO_0008315, EFO_0004268, EFO_0000616, MONDO_0005147, Orphanet_733, HP_0100543, MONDO_0010788, HP_0000155, EFO_0002618, EFO_0003768, EFO_0001416, EFO_1001898, EFO_0003060, MONDO_0011962, EFO_1001904, EFO_0001365, MONDO_0004985, EFO_1001801, EFO_0000198, EFO_0000220, HP_0000093, EFO_1000910, EFO_0008517, MONDO_0007254, MONDO_0021063, MONDO_0044937, EFO_0004288, MONDO_0002974, MONDO_0005575, MONDO_0022394, EFO_0000384"
CHEMBL1293256,CHEMBL126075,"",5.00,5.00,5.0,Small molecule,-1.0,false,CHEMBL1614086,F,Homo sapiens,Thrombopoietin,,,9,Direct single protein target assigned,confirmatory,SINGLE PROTEIN,P40225,None,TRUE,TRUE,,,ENSG00000090534,false,false,true,true,false,,1,,,,ot_genetics_portal,"",EFO_0000319
CHEMBL206,CHEMBL165,"",6.11,6.11,6.11,Small molecule,3.0,false,CHEMBL829990,B,Homo sapiens,Estrogen receptor alpha,,,9,Direct single protein target assigned,,SINGLE PROTEIN,P03372,NR,TRUE,TRUE,,,ENSG00000091831,false,true,true,true,false,,37,,,,"impc, eva, intogen, ot_genetics_portal, chembl, eva_somatic, cancer_gene_census","","MONDO_0021063, EFO_0000407, EFO_0002614, MONDO_0100096, EFO_0000401, EFO_0000660, MONDO_0002691, EFO_0003956, MONDO_0005178, EFO_0000616, EFO_0000365, EFO_0003884, HP_0001258, MONDO_0005148, MONDO_0005090, EFO_0000195, MONDO_0007739, MONDO_0005147, EFO_0000537, EFO_0011023, GO_0007568, EFO_0001365, MONDO_0004975, MONDO_0018906, MP_0001845, MONDO_0005180, EFO_1000657, EFO_0000545, EFO_0000341, EFO_0000319, EFO_0000694, HP_0003124, EFO_0001072, EFO_0004265, MONDO_0011705, EFO_0003095, MONDO_0100339"
CHEMBL4261,CHEMBL1200495,"",6.20,6.20,6.2,Small molecule,4.0,true,CHEMBL1613803,F,Homo sapiens,Hypoxia-inducible factor 1 alpha,,,9,Direct single protein target assigned,confirmatory,SINGLE PROTEIN,Q16665,TF,TRUE,TRUE,,,ENSG00000100644,false,false,true,true,false,1,10,,,,"ot_genetics_portal, cancer_gene_census",ENSG00000113580,"EFO_0000403, EFO_0003032, EFO_0006834, EFO_0009552, EFO_0000565, MONDO_0000870, EFO_0005752, EFO_0000220, EFO_0000309, MONDO_0004979"
CHEMBL3880,CHEMBL278315,"","6.85, 7.13, 7.55",7.55,7.13,Small molecule,2.0,false,CHEMBL3364919,B,Homo sapiens,Heat shock protein HSP 90-alpha,,,9,Direct single protein target assigned,,SINGLE PROTEIN,P07900,None,TRUE,TRUE,,,ENSG00000080824,false,true,true,true,false,,2,,,,"chembl, cancer_gene_census","","MONDO_0002367, MONDO_0008667"
CHEMBL2716,CHEMBL1851943,"",6.97,6.97,6.97,Small molecule,3.0,false,CHEMBL3598918,B,Homo sapiens,Histone deacetylase 7,,,9,Direct single protein target assigned,,SINGLE PROTEIN,Q8WUI4,Epigenetic,TRUE,TRUE,,,ENSG00000061273,false,true,true,true,false,,8,,,,"ot_genetics_portal, chembl","","EFO_0000616, EFO_0000691, EFO_0000222, EFO_0000565, EFO_0004251, EFO_0000198, MONDO_0004992, MONDO_0008315"
CHEMBL4261,CHEMBL44,"",5.30,5.30,5.3,Small molecule,2.0,false,CHEMBL1614456,F,Homo sapiens,Hypoxia-inducible factor 1 alpha,,,9,Direct single protein target assigned,confirmatory,SINGLE PROTEIN,Q16665,TF,TRUE,TRUE,,,ENSG00000100644,false,false,true,true,false,,17,,,,cancer_gene_census,"","EFO_0000673, EFO_0001645, EFO_0000195, EFO_0003060, MONDO_0001187, EFO_1001951, MONDO_0007254, EFO_0009448, MONDO_0009061, EFO_0003882, MONDO_0004986, EFO_0000694, MONDO_0008315, EFO_1000657, MONDO_0021063, MONDO_0004992, EFO_0002618"
CHEMBL279,CHEMBL1200485,"","8.07, 7.90",8.07,7.9,Small molecule,4.0,true,CHEMBL4138365,B,Homo sapiens,Vascular endothelial growth factor receptor 2,,,9,Direct single protein target assigned,,SINGLE PROTEIN,P35968,Kinase,TRUE,TRUE,,,ENSG00000128052,false,true,true,true,false,9,61,,,,"uniprot_literature, intogen, ot_genetics_portal, chembl, uniprot_variants, eva_somatic, cancer_gene_census","ENSG00000157764, ENSG00000122025, ENSG00000132155, ENSG00000113721, ENSG00000165731, ENSG00000102755, ENSG00000037280, ENSG00000128052, ENSG00000157404","MONDO_0004192, MONDO_0011719, EFO_0000691, EFO_0000349, EFO_0006352, EFO_1001968, EFO_0006861, EFO_0000756, EFO_0002501, EFO_0000389, EFO_0000641, MONDO_0002367, MONDO_0008170, EFO_0000365, MONDO_0008903, MONDO_0004992, EFO_0000182, EFO_0007535, EFO_0000220, EFO_0002618, EFO_0000616, EFO_1000613, EFO_1001465, EFO_1000657, MONDO_0021063, EFO_0002938, MONDO_0044926, EFO_0002499, EFO_0000588, EFO_1001469, EFO_0000501, EFO_0000673, MONDO_0002691, EFO_1001052, MONDO_0004986, MONDO_0044937, EFO_0003060, EFO_0001378, EFO_0000224, MONDO_0007254, MONDO_0008315, MONDO_0002108, EFO_0003833, EFO_1001951, EFO_0000640, EFO_0000519, EFO_0009907, EFO_0000702, EFO_1000158, EFO_0000095, MONDO_0002087, EFO_0000681, EFO_0000222, MONDO_0001187, EFO_0000403, EFO_0000637, EFO_0000335, EFO_0003871, EFO_0002892, EFO_0003032, MONDO_0002158"
CHEMBL2996,CHEMBL1863513,"",8.39,8.39,8.39,Small molecule,4.0,true,CHEMBL2433611,B,Homo sapiens,Protein kinase C delta,,,9,Direct single protein target assigned,,SINGLE PROTEIN,Q05655,Kinase,TRUE,TRUE,,,ENSG00000163932,false,true,true,true,false,,12,,,,"impc, chembl","","EFO_0000701, EFO_0000707, MONDO_0002102, EFO_0000313, EFO_0007375, EFO_0009662, EFO_0007147, MONDO_0021582, EFO_0005584, EFO_1000720, EFO_0004193, EFO_0002496"
CHEMBL1293224,CHEMBL50,"",5.15,5.15,5.15,Small molecule,3.0,false,CHEMBL1614421,B,Homo sapiens,Microtubule-associated protein tau,,,9,Direct single protein target assigned,confirmatory,SINGLE PROTEIN,P10636,None,TRUE,TRUE,,,ENSG00000186868,false,false,true,true,false,,17,,,,ot_genetics_portal,"","EFO_1000654, MONDO_0100096, GO_0007568, EFO_0003884, MONDO_0005148, EFO_0000341, MONDO_0005178, EFO_0008517, EFO_0001645, MONDO_0009061, EFO_0003948, EFO_0001365, EFO_0004220, MONDO_0019391, EFO_0000673, EFO_0003868, MONDO_0018906"
CHEMBL223,CHEMBL15245,"",6.54,6.54,6.54,Small molecule,4.0,true,CHEMBL646104,B,Homo sapiens,Alpha-1d adrenergic receptor,,,9,Direct single protein target assigned,,SINGLE PROTEIN,P25100,GPCR,TRUE,TRUE,,,ENSG00000171873,false,true,true,true,false,,13,,,,"impc, chembl","","EFO_0001358, EFO_1000645, EFO_0002610, MONDO_0005148, EFO_0010702, EFO_1001917, EFO_0005252, EFO_0007191, EFO_0004234, EFO_0003768, MONDO_0005180, MONDO_0002050, MONDO_0007079"
CHEMBL217,CHEMBL8809,"",7.90,7.90,7.9,Small molecule,1.0,false,CHEMBL3270692,B,Homo sapiens,Dopamine D2 receptor,,,9,Direct single protein target assigned,,SINGLE PROTEIN,P14416,GPCR,TRUE,TRUE,,,ENSG00000149295,false,true,true,true,false,,3,,,,"impc, ot_genetics_portal, chembl","","MONDO_0002050, EFO_0001073, EFO_0005611"
CHEMBL3594,CHEMBL1615281,"",7.35,7.35,7.35,Small molecule,1.0,false,CHEMBL4035968,B,Homo sapiens,Carbonic anhydrase IX,,,9,Direct single protein target assigned,,SINGLE PROTEIN,Q16790,Enzyme,TRUE,TRUE,,,ENSG00000107159,false,true,true,true,false,,2,,,,"impc, chembl","","EFO_0000616, EFO_0002517"
CHEMBL2095172,CHEMBL273481,"",6.27,6.27,6.27,Small molecule,1.0,false,CHEMBL3370251,B,Homo sapiens,GABA-A receptor; alpha-1/beta-2/gamma-2,,,7,Direct protein complex subunits assigned,,PROTEIN COMPLEX,P14867,IC,TRUE,TRUE,,,ENSG00000022355,false,true,true,true,false,,2,,,,"uniprot_literature, impc, eva, orphanet, gene2phenotype, clingen, chembl, uniprot_variants","","MONDO_0005180, EFO_0000474"
CHEMBL4198,CHEMBL2431768,"",7.30,7.30,7.3,Small molecule,2.0,false,CHEMBL4416030,B,Homo sapiens,Inhibitor of apoptosis protein 3,,,9,Direct single protein target assigned,,SINGLE PROTEIN,P98170,Enzyme,TRUE,TRUE,,,ENSG00000101966,false,false,true,true,false,,7,,,,impc,"","EFO_0002429, MONDO_0007254, EFO_0000616, EFO_0002618, EFO_0002430, MONDO_0044903, EFO_0001378"
CHEMBL4142,CHEMBL4068509,"",8.89,8.89,8.89,Small molecule,1.0,false,CHEMBL4013821,B,Homo sapiens,Fibroblast growth factor receptor 2,,,9,Direct single protein target assigned,,SINGLE PROTEIN,P21802,Kinase,TRUE,TRUE,,,ENSG00000066468,false,true,true,true,false,,1,,,,"chembl, cancer_gene_census","",EFO_0008528
CHEMBL1904,CHEMBL28564,"",7.89,7.89,7.89,Small molecule,2.0,false,CHEMBL3737377,B,Homo sapiens,Glutamate [NMDA] receptor subunit epsilon 2,,,9,Direct single protein target assigned,,SINGLE PROTEIN,Q13224,IC,TRUE,TRUE,,,ENSG00000273079,false,true,true,true,false,,2,,,,"impc, chembl","","MONDO_0005180, EFO_0004280"
CHEMBL1980,CHEMBL1200606,"",5.11,5.11,5.11,Small molecule,4.0,true,CHEMBL3636866,B,Homo sapiens,Sodium channel protein type V alpha subunit,,,9,Direct single protein target assigned,,SINGLE PROTEIN,Q14524,IC,TRUE,TRUE,,,ENSG00000183873,false,true,true,true,false,10,2,,,,"impc, chembl","ENSG00000144285, ENSG00000183873, ENSG00000007314, ENSG00000136546, ENSG00000136531, ENSG00000169432, ENSG00000153253, ENSG00000168356, ENSG00000196876, ENSG00000185313","HP_0004308, EFO_0009387"
CHEMBL4303,CHEMBL200102,"","7.38, 7.79, 7.38",7.79,7.38,Small molecule,1.0,false,CHEMBL1243468,B,Homo sapiens,Heat shock protein HSP 90-beta,,,9,Direct single protein target assigned,,SINGLE PROTEIN,P08238,None,TRUE,TRUE,,,ENSG00000096384,false,true,true,true,false,,2,,,,"chembl, cancer_gene_census","","EFO_0000574, MONDO_0007254"
CHEMBL4261,CHEMBL1607,"",6.60,6.60,6.6,Small molecule,4.0,true,CHEMBL1614456,F,Homo sapiens,Hypoxia-inducible factor 1 alpha,,,9,Direct single protein target assigned,confirmatory,SINGLE PROTEIN,Q16665,TF,TRUE,TRUE,,,ENSG00000100644,false,false,true,true,false,1,71,,,,"eva, cancer_gene_census",ENSG00000184428,"EFO_0000565, EFO_0003833, EFO_0008498, MONDO_0002158, EFO_0002087, MONDO_0100342, MONDO_0008903, EFO_0002918, EFO_0002617, EFO_0000613, EFO_1000158, EFO_0000519, EFO_0000466, MONDO_0008380, MONDO_0037745, MONDO_0100096, EFO_0000305, EFO_0000630, EFO_1001465, EFO_0001416, EFO_0000616, EFO_0005543, EFO_0001378, MONDO_0004992, EFO_0000621, EFO_1001042, EFO_1000251, EFO_0000681, EFO_0000220, EFO_0000691, MONDO_0019004, EFO_0008524, EFO_0000198, EFO_1001100, EFO_0000502, EFO_0003893, EFO_0002501, EFO_0000702, MONDO_0007576, EFO_1000823, EFO_0005561, EFO_0002428, EFO_0002499, MONDO_0007254, EFO_0000174, EFO_1000657, EFO_0000326, MONDO_0008170, EFO_0001061, EFO_0001075, EFO_0005952, EFO_0000389, EFO_0000313, EFO_0003851, EFO_0003869, MONDO_0021063, EFO_0000574, MONDO_0011962, MONDO_0006058, EFO_0000222, EFO_1001331, MONDO_0018271, EFO_0003060, MONDO_0002974, EFO_0007362, MONDO_0018364, EFO_1000895, MONDO_0008315, MONDO_0002380, MONDO_0002087, EFO_1000043"
CHEMBL4616,CHEMBL500468,"",8.85,8.85,8.85,Protein,3.0,false,CHEMBL2173092,F,Homo sapiens,Ghrelin receptor,,,9,Direct single protein target assigned,,SINGLE PROTEIN,Q92847,GPCR,TRUE,TRUE,,,ENSG00000121853,false,true,true,true,false,,7,,,,"impc, ot_genetics_portal, chembl","","MONDO_0004992, EFO_0011023, EFO_0001073, GO_0007568, EFO_0004265, MONDO_0005148, MONDO_0002009"
CHEMBL289,CHEMBL1708,"",6.02,6.02,6.02,Small molecule,4.0,true,CHEMBL3534775,A,Homo sapiens,Cytochrome P450 2D6,,,9,Direct single protein target assigned,,SINGLE PROTEIN,P10635,Enzyme,TRUE,TRUE,,,ENSG00000100197,false,false,true,true,false,1,10,,,,ot_genetics_portal,ENSG00000108576,"EFO_0003761, EFO_0006788, MONDO_0002009, EFO_0003922, EFO_0005230, EFO_0004262, EFO_0001358, MONDO_0002050, EFO_1001917, EFO_0004242"
CHEMBL228,CHEMBL1201066,"","6.69, 6.70",6.70,6.69,Small molecule,4.0,true,CHEMBL3614497,B,Homo sapiens,Serotonin transporter,,,9,Direct single protein target assigned,,SINGLE PROTEIN,P31645,Transporter,TRUE,TRUE,,,ENSG00000108576,false,true,true,true,false,2,26,,,,"impc, eva, chembl","ENSG00000108576, ENSG00000103546","MONDO_0005180, EFO_0003761, EFO_1001917, MONDO_0002009, EFO_0004242, EFO_0004262, EFO_0006862, EFO_0000673, MONDO_0007254, MONDO_0005090, MONDO_0004985, EFO_1001919, EFO_0009854, MONDO_0002050, EFO_1002014, HP_0030833, EFO_0002610, EFO_0005230, MONDO_0008315, EFO_0003918, EFO_0005762, HP_0031217, EFO_0005687, MONDO_0004975, EFO_0006788, EFO_1001892"
CHEMBL1293237,CHEMBL1201124,"",9.00,9.00,9.0,Small molecule,4.0,true,CHEMBL1614067,F,Homo sapiens,Bloom syndrome protein,,,9,Direct single protein target assigned,confirmatory,SINGLE PROTEIN,P54132,None,TRUE,TRUE,,,ENSG00000197299,false,false,true,true,false,2,15,,,,cancer_gene_census,"ENSG00000073756, ENSG00000095303","EFO_0003777, MONDO_0005129, EFO_1000859, EFO_1001139, MONDO_0005277, EFO_1001412, MP_0001845, EFO_0003843, EFO_1001178, HP_0003418, EFO_0005854, EFO_0004253, MONDO_0003005, EFO_0002517, HP_0200026"
CHEMBL1293235,CHEMBL349803,"",8.40,8.40,8.4,Small molecule,4.0,true,CHEMBL1614544,F,Homo sapiens,Prelamin-A/C,,,9,Direct single protein target assigned,confirmatory,SINGLE PROTEIN,P02545,None,TRUE,TRUE,,,ENSG00000160789,false,false,true,true,false,,1,,,,"uniprot_literature, impc, eva, orphanet, gene2phenotype, clingen, eva_somatic, uniprot_variants","",EFO_0000319
CHEMBL3553,CHEMBL4435170,"",7.89,7.89,7.89,Small molecule,4.0,true,CHEMBL4377381,B,Homo sapiens,Tyrosine-protein kinase TYK2,,,9,Direct single protein target assigned,,SINGLE PROTEIN,P29597,Kinase,TRUE,TRUE,,,ENSG00000105397,false,true,true,true,false,1,9,,,,"uniprot_literature, impc, eva, orphanet, ot_genetics_portal, chembl",ENSG00000105397,"EFO_0003778, EFO_0003834, EFO_0000729, EFO_0000540, EFO_0003086, EFO_0000676, EFO_0005761, HP_0001410, MONDO_0007915"
CHEMBL3397,CHEMBL8809,"",5.10,5.10,5.1,Small molecule,1.0,false,CHEMBL1614027,A,Homo sapiens,Cytochrome P450 2C9,,,9,Direct single protein target assigned,confirmatory,SINGLE PROTEIN,P11712,None,TRUE,TRUE,,,ENSG00000138109,false,false,true,true,false,,3,,,,ot_genetics_portal,"","MONDO_0002050, EFO_0001073, EFO_0005611"
CHEMBL4145,CHEMBL99,"",7.42,7.42,7.42,Small molecule,1.0,false,CHEMBL3238612,B,Homo sapiens,Histone deacetylase 9,,,9,Direct single protein target assigned,,SINGLE PROTEIN,Q9UKV0,Epigenetic,TRUE,TRUE,,,ENSG00000048052,false,true,true,true,false,,1,,,,"ot_genetics_portal, chembl","",MONDO_0004992
CHEMBL6136,CHEMBL3786182,"",7.62,7.62,7.62,Small molecule,1.0,false,CHEMBL4329420,B,Homo sapiens,Lysine-specific histone demethylase 1,,,9,Direct single protein target assigned,,SINGLE PROTEIN,O60341,Epigenetic,TRUE,TRUE,,,ENSG00000004487,false,true,true,true,false,,3,,,,"impc, chembl","","EFO_0000198, EFO_0000702, EFO_0000565"
CHEMBL5335,CHEMBL2431768,"",7.72,7.72,7.72,Small molecule,2.0,false,CHEMBL4416033,B,Homo sapiens,Baculoviral IAP repeat-containing protein 3,,,9,Direct single protein target assigned,,SINGLE PROTEIN,Q13489,None,TRUE,TRUE,,,ENSG00000023445,false,true,true,true,false,,7,,,,"impc, intogen, chembl, cancer_gene_census","","EFO_0002429, MONDO_0007254, EFO_0000616, EFO_0002618, EFO_0002430, MONDO_0044903, EFO_0001378"
CHEMBL3024,CHEMBL1241855,"",8.05,8.05,8.05,Small molecule,3.0,false,CHEMBL3395144,B,Homo sapiens,Serine/threonine-protein kinase PLK1,,,9,Direct single protein target assigned,,SINGLE PROTEIN,P53350,Kinase,TRUE,TRUE,,,ENSG00000166851,false,true,true,true,false,,16,,,,"impc, chembl","","MONDO_0009179, EFO_0000198, EFO_0000339, EFO_0000198, MONDO_0008170, EFO_1001779, EFO_0000222, EFO_0000181, EFO_0000708, EFO_0003811, EFO_0005922, EFO_0003811, EFO_0000095, MONDO_0004992, EFO_0000616, EFO_0000616"
CHEMBL3397,CHEMBL51085,"",6.00,6.00,6.0,Small molecule,3.0,false,CHEMBL1614027,A,Homo sapiens,Cytochrome P450 2C9,,,9,Direct single protein target assigned,confirmatory,SINGLE PROTEIN,P11712,None,TRUE,TRUE,,,ENSG00000138109,false,false,true,true,false,,8,,,,ot_genetics_portal,"","MONDO_0004985, EFO_0004238, MONDO_0002050, EFO_0006862, MONDO_0005148, MONDO_0005147, EFO_0006951, MONDO_0100096"
CHEMBL1293237,CHEMBL1417019,"",5.00,5.00,5.0,Small molecule,4.0,true,CHEMBL1614067,F,Homo sapiens,Bloom syndrome protein,,,9,Direct single protein target assigned,confirmatory,SINGLE PROTEIN,P54132,None,TRUE,TRUE,,,ENSG00000197299,false,false,true,true,false,1,41,,,,"uniprot_literature, impc, eva, orphanet, intogen, ot_genetics_portal, gene2phenotype, clingen, uniprot_variants, cancer_gene_census",ENSG00000131747,"EFO_0001663, EFO_0000211, MONDO_0015760, MONDO_0019472, EFO_0000565, EFO_0000182, MONDO_0005301, EFO_0004289, MONDO_0008170, EFO_0003843, EFO_0000220, MONDO_0018906, EFO_0000616, EFO_0004251, EFO_0000673, EFO_0003929, EFO_0000196, EFO_0000221, EFO_0005952, EFO_1001830, EFO_1001469, EFO_0008522, MONDO_0004992, EFO_0000224, EFO_0000339, EFO_0000095, MONDO_0008315, MONDO_0008315, EFO_0000222, EFO_0000178, EFO_0006859, EFO_0000198, MONDO_0007254, EFO_1000286, EFO_0000574, MONDO_0001023, EFO_0001378, MONDO_0019460, MONDO_0000873, EFO_1001052, EFO_0000403"
CHEMBL1293237,CHEMBL299613,"",8.15,8.15,8.15,Small molecule,2.0,false,CHEMBL1614067,F,Homo sapiens,Bloom syndrome protein,,,9,Direct single protein target assigned,confirmatory,SINGLE PROTEIN,P54132,None,TRUE,TRUE,,,ENSG00000197299,false,false,true,true,false,,2,,,,"uniprot_literature, impc, eva, orphanet, intogen, ot_genetics_portal, gene2phenotype, clingen, uniprot_variants, cancer_gene_census","","EFO_0000616, EFO_0001378"
CHEMBL1829,CHEMBL609583,"",8.05,8.05,8.05,Small molecule,1.0,false,CHEMBL1068529,B,Homo sapiens,Histone deacetylase 3,,,9,Direct single protein target assigned,,SINGLE PROTEIN,O15379,Epigenetic,TRUE,TRUE,,,ENSG00000171720,false,true,true,true,false,,1,,,,"impc, chembl","",EFO_0000616
CHEMBL2524,CHEMBL1485,"",5.30,5.30,5.3,Small molecule,4.0,true,CHEMBL1614217,F,Homo sapiens,Alpha-galactosidase A,,,9,Direct single protein target assigned,confirmatory,SINGLE PROTEIN,P06280,Enzyme,TRUE,TRUE,,,ENSG00000102393,false,false,true,true,false,,39,,,,"impc, eva","","HP_0100806, MONDO_0100096, EFO_0000668, EFO_0001645, EFO_0000649, EFO_1000049, MONDO_0010679, EFO_0003843, EFO_0004265, MONDO_0005090, EFO_0000702, EFO_0004278, MONDO_0009258, MONDO_0009061, EFO_1001345, EFO_0000685, EFO_0000319, MONDO_0008815, MONDO_0005271, EFO_0000182, Orphanet_550, MONDO_0011382, EFO_0007444, EFO_0001422, EFO_0000574, EFO_0003086, EFO_0000537, HP_0001952, EFO_0000519, MONDO_0005148, MONDO_0008315, Orphanet_848, MONDO_0004975, EFO_0005207, EFO_0003819, EFO_0000373, MONDO_0004979, MONDO_0001134, EFO_0000616"
CHEMBL1978,CHEMBL224060,"",7.54,7.54,7.54,Small molecule,-1.0,false,CHEMBL3627341,B,Homo sapiens,Cytochrome P450 19A1,,,9,Direct single protein target assigned,,SINGLE PROTEIN,P11511,Enzyme,TRUE,TRUE,,,ENSG00000137869,false,true,true,true,false,,1,,,,"impc, ot_genetics_portal, chembl","",EFO_0000616
CHEMBL1293237,CHEMBL1770,"",7.80,7.80,7.8,Small molecule,4.0,true,CHEMBL1614522,F,Homo sapiens,Bloom syndrome protein,,,9,Direct single protein target assigned,confirmatory,SINGLE PROTEIN,P54132,None,TRUE,TRUE,,,ENSG00000197299,false,false,true,true,false,0,2,,,,cancer_gene_census,"","EFO_1001951, EFO_0004255"
CHEMBL4860,CHEMBL376408,"","6.92, 8.08, 7.70, 6.66",8.08,6.92,Small molecule,1.0,false,CHEMBL3822341,B,Homo sapiens,Apoptosis regulator Bcl-2,,,9,Direct single protein target assigned,,SINGLE PROTEIN,P10415,None,TRUE,TRUE,,,ENSG00000171791,false,true,true,true,false,,1,,,,"chembl, cancer_gene_census","",MONDO_0007254
CHEMBL3202,CHEMBL67279,"",7.14,7.14,7.14,Small molecule,3.0,false,CHEMBL2346128,B,Homo sapiens,Prolyl endopeptidase,,,9,Direct single protein target assigned,,SINGLE PROTEIN,P48147,Enzyme,TRUE,TRUE,,,ENSG00000085377,false,false,true,true,false,,8,,,,"impc, ot_genetics_portal","","EFO_0000756, EFO_0003060, MONDO_0002367, EFO_0000095, EFO_0002618, MONDO_0002898, EFO_0000616, MONDO_0008903"
CHEMBL6101,CHEMBL413376,"",5.04,5.04,5.04,Small molecule,3.0,false,CHEMBL4055868,B,Homo sapiens,Signal transducer and activator of transcription 1-alpha/beta,,,9,Direct single protein target assigned,,SINGLE PROTEIN,P42224,TF,TRUE,TRUE,,,ENSG00000115415,false,false,true,true,false,1,15,,,,impc,ENSG00000113578,"MONDO_0008315, EFO_0000681, MONDO_0007254, DOID_10113, EFO_1000796, HP_0001919, EFO_0000673, MONDO_0001187, EFO_0005044, EFO_0007294, EFO_0003060, EFO_0003756, EFO_0001378, EFO_1000158, EFO_1001951"
CHEMBL1075138,CHEMBL1208422,"",6.10,6.10,6.1,Small molecule,4.0,true,CHEMBL1614364,B,Homo sapiens,Tyrosyl-DNA phosphodiesterase 1,,,9,Direct single protein target assigned,confirmatory,SINGLE PROTEIN,Q9NUW8,Enzyme,TRUE,TRUE,,,ENSG00000042088,false,false,true,true,false,,7,,,,ot_genetics_portal,"","EFO_0003768, EFO_0000676, EFO_0000389, EFO_0007126, EFO_1001901, EFO_0000756, MONDO_0007254"
CHEMBL3594,CHEMBL77517,"",7.62,7.62,7.62,Small molecule,2.0,false,CHEMBL867417,B,Homo sapiens,Carbonic anhydrase IX,,,9,Direct single protein target assigned,,SINGLE PROTEIN,Q16790,Enzyme,TRUE,TRUE,,,ENSG00000107159,false,true,true,true,false,,9,,,,"impc, chembl","","EFO_0000365, EFO_0003869, MONDO_0001056, EFO_0000616, MONDO_0004992, EFO_0000681, EFO_1001951, EFO_0000389, EFO_0000565"
CHEMBL2903,CHEMBL975,"",5.20,5.20,5.2,Small molecule,4.0,true,CHEMBL1614240,F,Homo sapiens,Arachidonate 15-lipoxygenase,,,9,Direct single protein target assigned,confirmatory,SINGLE PROTEIN,P16050,Enzyme,TRUE,TRUE,,,ENSG00000161905,false,false,true,true,false,,54,,,,impc,"","MONDO_0011382, EFO_0000183, EFO_0000574, MONDO_0005301, EFO_0000209, EFO_0000095, EFO_0004991, EFO_0000309, EFO_0000384, EFO_0000565, EFO_0003884, EFO_0000094, EFO_0003865, EFO_0000182, EFO_0002939, EFO_0001073, EFO_0001378, EFO_0000096, MONDO_0008903, MONDO_0044903, MONDO_0004992, EFO_0003833, EFO_0005952, EFO_0000756, EFO_0000621, EFO_0000691, EFO_0006803, MONDO_0000870, EFO_0003929, MONDO_0008380, EFO_0000403, EFO_0009708, EFO_0004145, HP_0001915, EFO_0004256, EFO_0000174, EFO_0007498, EFO_1001968, EFO_0000222, HP_0001873, MONDO_0044881, EFO_0000637, EFO_1001469, HP_0001919, EFO_0000220, EFO_0002617, EFO_0000717, EFO_0003869, MONDO_0007915, EFO_0005088, EFO_0000514, MONDO_0007254, EFO_0000198, EFO_0001642"
CHEMBL224,CHEMBL478,"",6.54,6.54,6.54,Small molecule,2.0,false,CHEMBL1067827,B,Homo sapiens,Serotonin 2a (5-HT2a) receptor,,,9,Direct single protein target assigned,,SINGLE PROTEIN,P28223,GPCR,TRUE,TRUE,,,ENSG00000102468,false,true,true,true,false,,2,,,,"impc, chembl","","EFO_0002610, MONDO_0007079"
CHEMBL4261,CHEMBL50,"",5.00,5.00,5.0,Small molecule,3.0,false,CHEMBL1614456,F,Homo sapiens,Hypoxia-inducible factor 1 alpha,,,9,Direct single protein target assigned,confirmatory,SINGLE PROTEIN,Q16665,TF,TRUE,TRUE,,,ENSG00000100644,false,false,true,true,false,,17,,,,cancer_gene_census,"","EFO_1000654, MONDO_0100096, GO_0007568, EFO_0003884, MONDO_0005148, EFO_0000341, MONDO_0005178, EFO_0008517, EFO_0001645, MONDO_0009061, EFO_0003948, EFO_0001365, EFO_0004220, MONDO_0019391, EFO_0000673, EFO_0003868, MONDO_0018906"
CHEMBL4261,CHEMBL94394,"",5.10,5.10,5.1,Small molecule,4.0,true,CHEMBL1614456,F,Homo sapiens,Hypoxia-inducible factor 1 alpha,,,9,Direct single protein target assigned,confirmatory,SINGLE PROTEIN,Q16665,TF,TRUE,TRUE,,,ENSG00000100644,false,false,true,true,false,,3,,,,ot_genetics_portal,"","HP_0002829, HP_0003326, EFO_0005755"
CHEMBL3242,CHEMBL486386,"",6.29,6.29,6.29,Small molecule,2.0,false,CHEMBL3631192,B,Homo sapiens,Carbonic anhydrase XII,,,9,Direct single protein target assigned,,SINGLE PROTEIN,O43570,Enzyme,TRUE,TRUE,,,ENSG00000074410,false,true,true,true,false,,3,,,,"ot_genetics_portal, chembl","","EFO_0000685, EFO_0000319, MONDO_0002046"
CHEMBL221,CHEMBL165,"",6.20,6.20,6.2,Small molecule,3.0,false,CHEMBL1909130,B,Homo sapiens,Cyclooxygenase-1,,,9,Direct single protein target assigned,,SINGLE PROTEIN,P23219,Enzyme,TRUE,TRUE,,,ENSG00000095303,false,true,true,true,false,,37,,,,"impc, chembl","","MONDO_0021063, EFO_0000407, EFO_0002614, MONDO_0100096, EFO_0000401, EFO_0000660, MONDO_0002691, EFO_0003956, MONDO_0005178, EFO_0000616, EFO_0000365, EFO_0003884, HP_0001258, MONDO_0005148, MONDO_0005090, EFO_0000195, MONDO_0007739, MONDO_0005147, EFO_0000537, EFO_0011023, GO_0007568, EFO_0001365, MONDO_0004975, MONDO_0018906, MP_0001845, MONDO_0005180, EFO_1000657, EFO_0000545, EFO_0000341, EFO_0000319, EFO_0000694, HP_0003124, EFO_0001072, EFO_0004265, MONDO_0011705, EFO_0003095, MONDO_0100339"
CHEMBL3785,CHEMBL573,"","6.85, 6.00, 6.85, 6.85, 8.06, 6.85",8.06,6.85,Small molecule,4.0,true,CHEMBL971506,B,Homo sapiens,Hydroxycarboxylic acid receptor 2,,,9,Direct single protein target assigned,,SINGLE PROTEIN,Q8TDS4,GPCR,TRUE,TRUE,,,ENSG00000182782,false,false,true,true,false,,42,,,,ot_genetics_portal,"","EFO_0000319, MONDO_0005148, HP_0031284, EFO_0005407, MONDO_0011382, EFO_0000764, EFO_0001358, EFO_0005672, EFO_0003768, EFO_1001207, HP_0002140, EFO_0003894, Orphanet_79211, EFO_0000195, EFO_0003914, EFO_0005952, MONDO_0018076, EFO_0000519, EFO_0003781, MONDO_0004992, EFO_0000612, EFO_0003884, HP_0003124, MONDO_0002009, MONDO_0021187, EFO_0000180, EFO_0000712, EFO_0004911, EFO_0004272, Orphanet_309005, EFO_1000860, EFO_1001157, EFO_1001375, EFO_0001645, HP_0001891, EFO_0001073, EFO_0004242, HP_0002027, EFO_0003876, EFO_0003144, EFO_0000266, EFO_0009783"
CHEMBL5747,CHEMBL19224,"",6.25,6.25,6.25,Small molecule,4.0,true,CHEMBL1614040,F,Homo sapiens,CREB-binding protein,,,9,Direct single protein target assigned,confirmatory,SINGLE PROTEIN,Q92793,Epigenetic,TRUE,TRUE,,,ENSG00000005339,false,true,true,true,false,,7,,,,"impc, intogen, chembl, eva_somatic, cancer_gene_census","","MONDO_0008315, EFO_0003060, EFO_0010282, EFO_0004234, EFO_0003060, EFO_1001463, EFO_0000284"
CHEMBL218,CHEMBL334533,"",9.22,9.22,9.22,Small molecule,3.0,false,CHEMBL836227,F,Homo sapiens,Cannabinoid CB1 receptor,,,9,Direct single protein target assigned,,SINGLE PROTEIN,P21554,GPCR,TRUE,TRUE,,,ENSG00000118432,false,true,true,true,false,,4,,,,"impc, chembl","","EFO_0000616, MONDO_0043510, MONDO_0004992, MONDO_0001657"
CHEMBL1293224,CHEMBL1200503,"",5.15,5.15,5.15,Small molecule,4.0,true,CHEMBL1614421,B,Homo sapiens,Microtubule-associated protein tau,,,9,Direct single protein target assigned,confirmatory,SINGLE PROTEIN,P10636,None,TRUE,TRUE,,,ENSG00000186868,false,false,true,true,false,3,7,,,,"eva, ot_genetics_portal","ENSG00000149295, ENSG00000151577, ENSG00000069696","MONDO_0005148, EFO_0000232, MONDO_0002146, EFO_0000545, EFO_1001485, EFO_0007319, MONDO_0005180"
CHEMBL3192,CHEMBL1851943,"",7.80,7.80,7.8,Small molecule,3.0,false,CHEMBL3391448,B,Homo sapiens,Histone deacetylase 8,,,9,Direct single protein target assigned,,SINGLE PROTEIN,Q9BY41,Epigenetic,TRUE,TRUE,,,ENSG00000147099,false,true,true,true,false,,8,,,,"impc, chembl","","EFO_0000616, EFO_0000691, EFO_0000222, EFO_0000565, EFO_0004251, EFO_0000198, MONDO_0004992, MONDO_0008315"
CHEMBL240,CHEMBL3338194,"",5.85,5.85,5.85,Small molecule,1.0,false,CHEMBL3382462,B,Homo sapiens,HERG,,,9,Direct single protein target assigned,,SINGLE PROTEIN,Q12809,IC,TRUE,TRUE,,,ENSG00000055118,false,false,true,true,false,,1,,,,ot_genetics_portal,"",EFO_0000400
CHEMBL3242,CHEMBL116438,"",5.46,5.46,5.46,Small molecule,3.0,false,CHEMBL1227625,B,Homo sapiens,Carbonic anhydrase XII,,,9,Direct single protein target assigned,,SINGLE PROTEIN,O43570,Enzyme,TRUE,TRUE,,,ENSG00000074410,false,true,true,true,false,,47,,,,"ot_genetics_portal, chembl","","EFO_1000826, EFO_0000649, EFO_1001818, EFO_0007430, EFO_1001951, MONDO_0004992, MONDO_0004975, MONDO_0005301, EFO_0002913, MONDO_0043771, EFO_0000095, EFO_0001378, EFO_0000729, MONDO_0004979, MONDO_0007915, EFO_0003884, MONDO_0008315, EFO_0004268, EFO_0000616, MONDO_0005147, Orphanet_733, HP_0100543, MONDO_0010788, HP_0000155, EFO_0002618, EFO_0003768, EFO_0001416, EFO_1001898, EFO_0003060, MONDO_0011962, EFO_1001904, EFO_0001365, MONDO_0004985, EFO_1001801, EFO_0000198, EFO_0000220, HP_0000093, EFO_1000910, EFO_0008517, MONDO_0007254, MONDO_0021063, MONDO_0044937, EFO_0004288, MONDO_0002974, MONDO_0005575, MONDO_0022394, EFO_0000384"
CHEMBL1871,CHEMBL27769,"","9.52, 8.29, 10.30, 9.00, 8.21",9.52,9.0,Small molecule,2.0,false,CHEMBL913352,B,Homo sapiens,Androgen Receptor,,,9,Direct single protein target assigned,,SINGLE PROTEIN,P10275,NR,TRUE,TRUE,,,ENSG00000169083,false,true,true,true,false,,1,,,,"impc, eva, chembl","",MONDO_0002146
CHEMBL2716,CHEMBL99,"",7.65,7.65,7.65,Small molecule,1.0,false,CHEMBL1634306,B,Homo sapiens,Histone deacetylase 7,,,9,Direct single protein target assigned,,SINGLE PROTEIN,Q8WUI4,Epigenetic,TRUE,TRUE,,,ENSG00000061273,false,true,true,true,false,,1,,,,"ot_genetics_portal, chembl","",MONDO_0004992
CHEMBL1293235,CHEMBL463763,"",7.05,7.05,7.05,Small molecule,3.0,false,CHEMBL1614544,F,Homo sapiens,Prelamin-A/C,,,9,Direct single protein target assigned,confirmatory,SINGLE PROTEIN,P02545,None,TRUE,TRUE,,,ENSG00000160789,false,false,true,true,false,,4,,,,cancer_gene_census,"","EFO_0000544, EFO_0000764, EFO_0003060, EFO_1001496"
